epoch,loss,mean_squared_error
0,1942.9471469963175,1942.947
1,416.9119300226108,416.91187
2,396.2918420015803,396.2918
3,385.60644179916943,385.60638
